ID,Câu hỏi,Lựa chọn 1,Lựa chọn 2,Lựa chọn 3,Lựa chọn 4,Đáp án đúng,Điểm liệt,Chương,Hình ảnh
1,Phần của đường bộ được sử dụng cho phương tiện giao thông đường bộ đi lại là gì?,Phần mặt đường và lề đường.,Phần đường xe chạy.,Phần đường xe cơ giới.,,2,False,1,
2,Làn đường là gì?,Là một phần của phần đường xe chạy được chia theo chiều dọc của đường sử dụng cho xe chạy.,Là một phần của phần đường xe chạy được chia theo chiều dọc của đường có đủ chiều rộng cho xe chạy an toàn.,Là đường cho xe ô tô chạy dừng đỗ an toàn.,,2,False,1,
3,Khổ giới hạn của đường bộ được hiểu như thế nào là đúng?,Khổ giới hạn của đường bộ là khoảng trống có kích thước giới hạn về chiều rộng chiều cao của đường bộ để các xe bao gồm cả hàng hoá xếp trên xe đi qua được an toàn và được xác định theo quy chuẩn tiêu chuẩn kỹ thuật của đường bộ.,Là khoảng trống có kích thước giới hạn về chiều rộng của đường cầu bến phà hầm trên đường bộ để các xe kể cả hàng hóa xếp trên xe đi qua được an toàn.,Là khoảng trống có kích thước giới hạn về chiều cao của cầu bến phà hầm trên đường bộ để các xe đi qua được an toàn.,,1,False,1,
4,Dải phân cách được lắp đặt để làm gì?,Để phân chia các làn đường dành cho xe cơ giới và xe thô sơ trên đường cao tốc.,Để phân chia phần đường xe chạy thành hai chiều riêng biệt hoặc để phân chia phần đường dành cho xe cơ giới và xe thô sơ hoặc của nhiều loại xe khác nhau trên cùng một chiều đường.,Để phân tách phần đường xe chạy và hành lang an toàn giao thông.,,2,False,1,
5,Vạch kẻ đường là gì?,Là báo hiệu đường bộ để hỗ trợ cảnh báo nguy hiểm cho người tham gia giao thông đường bộ.,Là vạch chỉ sự phân chia làn đường vị trí hoặc hướng đi vị trí dừng lại.,Là báo hiệu cho người tham gia giao thông đường bộ về các thông tin của đường bộ.,Cả ba ý trên.,2,False,1,
6,Người điều khiển phương tiện tham gia giao thông đường bộ được hiểu như thế nào là đúng?,Là người điều khiển xe cơ giới người điều khiển xe thô sơ người điều khiển xe máy chuyên dùng.,Là người được giao nhiệm vụ hướng dẫn giao thông trên đường bộ.,Cả hai ý trên.,,1,False,1,
7,Người lái xe được hiểu như thế nào là đúng?,Là người điều khiển xe cơ giới.,Là người điều khiển xe thô sơ.,Là người điều khiển xe máy chuyên dùng.,,1,False,1,
8,Trong nhóm các phương tiện giao thông đường bộ dưới đây nhóm phương tiện nào là xe cơ giới?,Xe ô tô; máy kéo; xe mô tô hai bánh; xe mô tô ba bánh; xe gắn máy; xe cơ giới dùng cho người khuyết tật và xe máy chuyên dùng; xe đạp xe đạp máy xe đạp điện.,Xe ô tô; rơ moóc được kéo bởi xe ô tô; sơ mi rơ moóc được kéo bởi ô tô đầu kéo; xe chở người bốn bánh có gắn động cơ; xe chở hàng bốn bánh có gắn động cơ; xe mô tô xe gắn máy và các loại xe tương tự.,,,2,False,1,
9,Trong nhóm các phương tiện giao thông đường bộ dưới đây nhóm phương tiện nào là xe thô sơ?,Xe đạp xe đạp máy xe đạp điện; xe xích lô; xe lăn dùng cho người khuyết tật; xe vật nuôi kéo và các loại xe tương tự.,Xe đạp (kể cả xe đạp máy xe đạp điện) xe gắn máy xe cơ giới dùng cho người khuyết tật và xe máy chuyên dùng.,Xe ô tô máy kéo rơ moóc hoặc sơ mi rơ moóc được kéo bởi xe ô tô máy kéo.,,1,False,1,
10,"Phương tiện giao thông đường bộ"" gồm những loại nào?",Phương tiện giao thông cơ giới đường bộ.,Phương tiện giao thông thô sơ đường bộ xe máy chuyên dùng và các loại xe tương tự.,Cả hai ý trên.,,3,False,1,
11,Người tham gia giao thông đường bộ gồm những đối tượng nào?,Người điều khiển người được chở trên phương tiện tham gia giao thông đường bộ.,Người điều khiển dẫn dắt vật nuôi trên đường bộ; người đi bộ trên đường bộ.,Cả hai ý trên.,,3,False,1,
12,Người điều khiển phương tiện tham gia giao thông đường bộ gồm những đối tượng nào dưới đây?,Người điều khiển xe cơ giới người điều khiển xe thô sơ.,Người điều khiển xe máy chuyên dùng.,Cả hai ý trên.,,3,False,1,
13,Người điều khiển giao thông đường bộ được hiểu như thế nào là đúng?,Là người điều khiển phương tiện tham gia giao thông đường bộ.,Là Cảnh sát giao thông và người được giao nhiệm vụ hướng dẫn giao thông trên đường bộ.,Là người tham gia giao thông đường bộ.,,2,False,1,
14,Hành vi nào dưới đây bị nghiêm cấm?,Sử dụng xe đạp đi trên các tuyến quốc lộ.,Rải vật sắc nhọn đổ chất gây trơn trượt trên đường bộ.,Cả hai ý trên.,,2,True,1,
15,Hành vi đưa xe cơ giới xe máy chuyên dùng tham gia giao thông đường bộ nào dưới đây bị cấm?,Không có chứng nhận kiểm định an toàn kỹ thuật và bảo vệ môi trường.,Hết niên hạn sử dụng.,Cả hai ý trên.,,3,True,1,
16,Tổ chức đua xe được phép thực hiện khi nào?,Trên đường phố không có người qua lại.,Được người dân ủng hộ.,Được cơ quan có thẩm quyền cấp phép.,,3,True,1,
17,Hành vi đua xe trái phép bị xử lý như thế nào?,Chỉ bị nhắc nhở.,Tùy theo mức độ của hành vi vi phạm có thể bị xử lý hành chính hoặc xử lý hình sự.,,,2,True,1,
18,Người điều khiển phương tiện tham gia giao thông đường bộ mà trong máu hoặc hơi thở có nồng độ cồn có bị nghiêm cấm không?,Bị nghiêm cấm.,Không bị nghiêm cấm.,Không bị nghiêm cấm nếu nồng độ cồn trong máu ở mức nhẹ có thể điều khiển phương tiện tham gia giao thông.,,1,True,1,
19,Theo Luật Phòng chống tác hại của rượu bia đối tượng nào dưới đây bị cấm sử dụng rượu bia khi tham gia giao thông?,Người điều khiển xe ô tô xe mô tô xe đạp xe gắn máy.,Người được chở trên xe cơ giới.,Cả hai ý trên.,,1,True,1,
20,Hành vi giao xe ô tô mô tô cho người nào sau đây tham gia giao thông đường bộ bị nghiêm cấm?,Người chưa đủ tuổi theo quy định.,Người không có giấy phép lái xe.,Người có giấy phép lái xe nhưng đã bị trừ hết 12 điểm.,Cả ba ý trên.,4,True,1,
21,Hành vi nào sau đây bị nghiêm cấm?,Điều khiển xe cơ giới lạng lách đánh võng rú ga liên tục khi tham gia giao thông trên đường.,Xúc phạm đe dọa cản trở chống đối hoặc không chấp hành hiệu lệnh hướng dẫn yêu cầu kiểm tra kiểm soát của người thi hành công vụ về bảo đảm trật tự an toàn giao thông đường bộ.,Cả hai ý trên.,,3,True,1,
22,Các hành vi nào sau đây bị cấm đối với phương tiện tham gia giao thông đường bộ?,Cải tạo xe ô tô loại khác thành xe ô tô chở người phục vụ mục đích quốc phòng an ninh.,Cải tạo trái phép; cố ý can thiệp làm sai lệch chỉ số trên đồng hồ báo quãng đường đã chạy của xe ô tô; cắt hàn tẩy xóa đục sửa đóng lại trái phép số khung số động cơ của xe cơ giới xe máy chuyên dùng.,,,2,False,1,
23,Hành vi nào sau đây bị cấm?,Lắp đặt sử dụng thiết bị âm thanh ánh sáng trên xe cơ giới xe máy chuyên dùng gây mất trật tự an toàn giao thông đường bộ.,Cản trở người phương tiện tham gia giao thông trên đường bộ; ném gạch đất đá cát hoặc vật thể khác vào người phương tiện đang tham gia giao thông trên đường bộ.,Cả hai ý trên.,,3,True,1,
24,Việc sản xuất sử dụng mua bán trái phép biển số xe có bị nghiêm cấm hay không?,Không bị nghiêm cấm.,Bị nghiêm cấm.,Bị nghiêm cấm tuỳ trường hợp.,,2,True,1,
25,Khi điều khiển phương tiện tham gia giao thông những hành vi nào dưới đây bị nghiêm cấm?,Thay đổi tốc độ của xe nhiều lần.,Điều khiển phương tiện sau 23 giờ trong ngày.,Lạng lách đánh võng rú ga liên tục.,,3,True,1,
26,Có bao nhiêu nhóm biển báo hiệu đường bộ?,Ba nhóm: Biển báo cấm biển báo nguy hiểm và biển hiệu lệnh.,Bốn nhóm: Biển báo cấm biển báo nguy hiểm biển hiệu lệnh và biển phụ.,Năm nhóm: Biển báo cấm biển báo nguy hiểm biển hiệu lệnh biển chỉ dẫn biển phụ.,,3,False,1,
27,Tại nơi có vạch kẻ đường hoặc tại nơi mà người đi bộ xe lăn của người khuyết tật đang qua đường người điều khiển phương tiện tham gia giao thông phải thực hiện như thế nào?,Giảm tốc độ và nhường đường cho người đi bộ xe lăn của người khuyết tật qua đường đảm bảo an toàn.,Quan sát giảm tốc độ hoặc dừng lại để bảo đảm an toàn cho người đi bộ xe lăn của người khuyết tật qua đường.,Quan sát tăng tốc độ và điều khiển phương tiện nhanh chóng đi qua.,,2,False,1,
28,Người điều khiển xe mô tô phải quan sát giảm tốc độ hoặc dừng lại để bảo đảm an toàn trong các trường hợp nào dưới đây?,Đường hẹp đường vòng đường quanh co đường đèo dốc.,Nơi cầu cống hẹp đập tràn đường ngầm hầm chui hầm đường bộ.,Trời mưa gió sương khói bụi mặt đường trơn trượt lầy lội có nhiều đất đá vật liệu rơi vãi ảnh hưởng đến an toàn giao thông đường bộ.,Cả ba ý trên.,4,False,1,
29,Khi gặp hiệu lệnh điều khiển của Cảnh sát giao thông như hình dưới đây thì người tham gia giao thông đường bộ phải đi như thế nào là đúng quy tắc giao thông?,Người tham gia giao thông đường bộ ở các hướng phải dừng lại.,Người tham gia giao thông đường bộ ở các hướng được đi theo chiều gậy chỉ của Cảnh sát giao thông.,Người tham gia giao thông đường bộ ở phía trước và phía sau người điều khiển được đi tất cả các hướng; người tham gia giao thông đường bộ ở phía bên phải và phía bên trái người điều khiển phải dừng lại.,Người tham gia giao thông đường bộ ở phía trước và phía sau người điều khiển phải dừng lại; người tham gia giao thông đường bộ ở phía bên phải và phía bên trái người điều khiển được đi tất cả các hướng.,4,False,1,img_29.png
30,Khi gặp hiệu lệnh điều khiển của Cảnh sát giao thông như hình dưới đây thì người tham gia giao thông đường bộ phải đi như thế nào là đúng quy tắc giao thông?,Người tham gia giao thông đường bộ ở phía sau Cảnh sát giao thông được đi các hướng khác phải dừng lại.,Người tham gia giao thông đường bộ được rẽ phải theo chiều mũi tên màu xanh ở bục Cảnh sát giao thông.,Người tham gia giao thông đường bộ ở tất cả các hướng phải dừng lại trừ các xe đã ở trong khu vực giao nhau.,Người tham gia giao thông đường bộ ở phía trước Cảnh sát giao thông phải dừng lại các hướng khác được đi.,3,False,1,img_30.png
31,Khi hiệu lệnh của người điều khiển giao thông trái với tín hiệu đèn giao thông hoặc biển báo hiệu đường bộ thì người tham gia giao thông đường bộ phải chấp hành báo hiệu đường bộ nào dưới đây?,Theo hiệu lệnh của người điều khiển giao thông.,Theo tín hiệu đèn giao thông.,Theo biển báo hiệu đường bộ.,,1,False,1,
32,Khi ở một vị trí vừa có biển báo hiệu đặt cố định vừa có biển báo hiệu tạm thời mà hai biển có ý nghĩa khác nhau người tham gia giao thông đường bộ phải chấp hành hiệu lệnh của biển báo hiệu nào?,Biển báo hiệu đặt cố định.,Biển báo hiệu tạm thời.,Theo quyết định của người tham gia giao thông nhưng phải bảo đảm an toàn.,,2,False,1,
33,Tại nơi đường giao nhau khi đèn điều khiển giao thông có tín hiệu màu vàng người điều khiển phương tiện tham gia giao thông phải chấp hành như thế nào là đúng quy tắc giao thông?,Dừng lại trước vạch dừng; trường hợp đang đi trên vạch dừng hoặc đã đi qua vạch dừng mà tín hiệu đèn màu vàng thì được đi tiếp; trường hợp tín hiệu đèn màu vàng nhấp nháy người điều khiển phương tiện tham gia giao thông đường bộ được đi nhưng phải quan sát giảm tốc độ hoặc dừng lại nhường đường cho người đi bộ xe lăn của người khuyết tật qua đường hoặc các phương tiện khác.,Tăng tốc độ nhanh chóng vượt qua nút giao.,Quan sát giảm tốc độ từ từ vượt qua nút giao.,,1,False,1,
34,Người lái xe trên đường cần chấp hành quy định về tốc độ tối đa như thế nào?,Chỉ lớn hơn tốc độ tối đa cho phép khi đường vắng.,Chỉ lớn hơn tốc độ tối đa cho phép khi vào ban đêm.,Không vượt quá tốc độ tối đa cho phép.,,3,False,1,
35,Phương tiện tham gia giao thông đường bộ di chuyển với tốc độ thấp hơn phải đi như thế nào?,Đi về bên trái theo chiều đi của mình.,Đi về bên phải theo chiều đi của mình.,Đi ở bất cứ bên nào nhưng phải bấm đèn cảnh báo nguy hiểm để báo hiệu cho các phương tiện khác.,,2,False,1,
36,Trên một chiều đường có vạch kẻ phân làn đường người lái xe cơ giới xe máy chuyên dùng phải điều khiển xe đi trên làn đường nào?,Đi trên làn đường bên phải trong cùng.,Đi trên làn đường bên trái.,Đi ở bất cứ làn nào nhưng phải bảo đảm tốc độ cho phép.,,2,False,1,
37,Người lái xe phải giảm tốc độ có tín hiệu rẽ phải và đi sát về bên phải của phần đường xe chạy trong các trường hợp nào dưới đây?,Khi xe chạy phía trước có tín hiệu vượt xe khác.,Khi phía trước có xe chạy ngược chiều.,Khi xe sau xin vượt nếu đủ điều kiện an toàn.,Khi xe sau có tín hiệu vượt bên phải.,3,False,1,
38,Vượt xe là gì?,Là tình huống giao thông trên đường mà mỗi chiều đường xe chạy chỉ có một làn đường dành cho xe cơ giới xe đi phía sau di chuyển sang bên trái để di chuyển lên trước xe phía trước.,Là tình huống giao thông trên đường có từ hai làn đường dành cho xe cơ giới cùng chiều trở lên được phân biệt bằng vạch kẻ đường xe đi phía sau di chuyển lên trước xe phía trước theo quy tắc sử dụng làn đường.,,,1,False,1,
39,Người lái xe được phép vượt xe trên cầu hẹp có một làn đường đường cong có tầm nhìn bị hạn chế hay không?,Được phép vượt khi đường vắng.,Không được phép vượt.,Được phép vượt khi có việc gấp.,,2,True,1,
40,Muốn vượt xe phía trước người lái xe mô tô phải có tín hiệu như thế nào dưới đây để bảo đảm an toàn?,Bấm còi liên tục để xe phía trước biết xe mình xin vượt.,Rú ga liên tục để xe phía trước biết xe mình xin vượt.,Báo hiệu nhấp nháy bằng đèn chiếu sáng phía trước hoặc còi.,,3,True,1,
41,Khi lái xe trong khu đông dân cư khu vực cơ sở khám bệnh chữa bệnh trừ các khu vực có biển cấm sử dụng còi người lái xe được sử dụng còi trong thời gian nào?,Từ 22 giờ ngày hôm trước đến 05 giờ ngày hôm sau.,Từ 05 giờ đến 22 giờ.,Từ 23 giờ ngày hôm trước đến 05 giờ sáng hôm sau.,,2,False,1,
42,Người lái xe sử dụng đèn như thế nào khi đi trên các đoạn đường qua khu đông dân cư có hệ thống chiếu sáng đang hoạt động?,Chỉ bật đèn chiếu xa (đèn pha).,Bật đèn chiếu xa (đèn pha) khi đường vắng bật đèn chiếu gần (đèn cốt) khi có xe đi ngược chiều.,Chỉ bật đèn chiếu gần (đèn cốt).,,3,False,1,
43,Khi điều khiển phương tiện tham gia giao thông hành vi nào sau đây bị cấm?,Dùng tay cầm và sử dụng điện thoại hoặc thiết bị điện tử khác.,Chỉ được chở người trên thùng xe ô tô chở hàng trong trường hợp chở người đi làm nhiệm vụ cứu nạn cứu hộ phòng chống thiên tai dịch bệnh hoặc thực hiện nhiệm vụ khẩn cấp.,,,1,True,1,
44,Người lái xe không được vượt xe khác khi gặp trường hợp nào dưới đây?,Trên cầu hẹp có một làn đường; nơi đường giao nhau đường bộ giao nhau cùng mức với đường sắt; khi gặp xe ưu tiên.,Trên cầu có từ 02 làn xe trở lên.,Trên đường có 02 làn đường được phân chia làn bằng vạch kẻ nét đứt.,,1,True,1,
45,Nơi nào cấm quay đầu xe?,Ở phần đường dành cho người đi bộ qua đường trên cầu đầu cầu gầm cầu vượt ngầm.,Tại nơi đường bộ giao nhau cùng mức với đường sắt đường hẹp đường dốc đoạn đường cong tầm nhìn bị che khuất trên đường cao tốc trong hầm đường bộ trên đường một chiều.,Cả hai ý trên.,,3,False,1,
46,Trước khi cho xe chuyển hướng người lái xe phải làm gì để bảo đảm an toàn giao thông?,Phải quan sát bảo đảm khoảng cách an toàn với xe phía sau.,Giảm tốc độ và có tín hiệu báo hướng rẽ.,Chuyển dần sang làn gần nhất với hướng rẽ. Khi bảo đảm an toàn không gây trở ngại cho người và phương tiện khác mới được chuyển hướng.,Cả ba ý trên.,4,False,1,
47,Khi chuyển làn đường người lái xe phải bật đèn tín hiệu báo rẽ như thế nào là đúng quy tắc giao thông?,Khi bắt đầu chuyển làn đường.,Trước khi thay đổi làn đường.,Sau khi thay đổi làn đường.,,2,False,1,
48,Người điều khiển phương tiện tham gia giao thông không được dừng xe đỗ xe ở những vị trí nào sau đây?,Trên miệng cống thoát nước miệng hầm của đường điện thoại điện cao thế chỗ dành riêng cho xe chữa cháy lấy nước.,Trong phạm vi an toàn của đường sắt.,Cả hai ý trên.,,3,False,1,
49,Người điều khiển xe mô tô hai bánh xe mô tô ba bánh xe gắn máy có được phép sử dụng xe để kéo hoặc đẩy các phương tiện khác khi tham gia giao thông không?,Được phép.,Nếu phương tiện được kéo đẩy có khối lượng nhỏ hơn phương tiện của mình.,Tùy trường hợp.,Không được phép.,4,True,1,
50,Khi điều khiển xe mô tô hai bánh xe mô tô ba bánh xe gắn máy những hành vi nào sau đây không được phép?,Buông cả hai tay; đứng nằm trên xe điều khiển xe; sử dụng chân chống hoặc vật khác quệt xuống đường khi xe đang chạy.,Chở tối đa hai người phía sau khi chở người bệnh đi cấp cứu áp giải người có hành vi vi phạm pháp luật trẻ em dưới 12 tuổi và người già yếu hoặc người khuyết tật.,,,1,True,1,
51,Khi điều khiển xe mô tô hai bánh xe mô tô ba bánh xe gắn máy những hành vi nào sau đây không được phép?,Buông cả hai tay; sử dụng xe để kéo đẩy xe khác vật khác; sử dụng chân chống hoặc vật khác quệt xuống đường khi xe đang chạy.,Sử dụng xe để chở người hoặc hàng hóa; để chân chạm xuống đất khi khởi hành.,Đội mũ bảo hiểm; chạy xe đúng tốc độ quy định và chấp hành đúng quy tắc giao thông đường bộ.,Chở người ngồi sau dưới 16 tuổi.,1,True,1,
52,Người được chở trên xe mô tô hai bánh xe mô tô ba bánh xe gắn máy khi tham gia giao thông đường bộ không được thực hiện hành vi nào sau đây?,Mang vác vật cồng kềnh.,Bám kéo hoặc đẩy các phương tiện khác.,Dùng tay cầm điện thoại hoặc các thiết bị điện tử khác.,Ý 1 và 2.,4,False,1,
53,Người được chở trên xe mô tô hai bánh xe mô tô ba bánh xe gắn máy khi tham gia giao thông đường bộ có được bám kéo hoặc đẩy các phương tiện khác không?,Được phép.,Được bám trong trường hợp phương tiện của mình bị hỏng.,Được kéo đẩy trong trường hợp phương tiện khác bị hỏng.,Không được phép.,4,False,1,
54,Người lái xe người được chở trên xe mô tô hai bánh xe mô tô ba bánh xe gắn máy phải thực hiện quy định nào dưới đây?,Đội mũ bảo hiểm theo đúng quy chuẩn kỹ thuật quốc gia và cài quai đúng quy cách.,Người lái xe phải đội mũ bảo hiểm người được chở trên xe không nhất thiết phải đội mũ bảo hiểm.,Phải đội mũ bảo hiểm nhưng không nhất thiết phải cài quai.,,1,True,1,
55,Người lái xe mô tô hai bánh xe gắn máy được phép chở tối đa hai người trong những trường hợp nào?,Chở người bệnh đi cấp cứu; áp giải người có hành vi vi phạm pháp luật; trẻ em dưới 12 tuổi; người già yếu hoặc người khuyết tật.,Người đã uống rượu bia; người trong cơ thể có chất ma tuý.,Cả hai ý trên.,,1,False,1,
56,Người lái xe mô tô hai bánh xe mô tô ba bánh xe gắn máy không được thực hiện các hành vi nào dưới đây?,Đi xe dàn hàng ngang; buông cả hai tay.,Sử dụng xe để kéo đẩy xe khác vật khác dẫn dắt vật nuôi mang vác và chở vật cồng kềnh; chở người đứng trên xe giá đèo hàng hoặc ngồi trên tay lái; xếp hàng hóa trên xe quá giới hạn quy định.,Ngồi về một bên điều khiển xe; đứng nằm trên xe điều khiển xe; thay người lái xe khi xe đang chạy; quay người về phía sau để điều khiển xe hoặc bịt mắt điều khiển xe; sử dụng chân chống hoặc vật khác quệt xuống đường khi xe đang chạy.,Cả ba ý trên.,4,True,1,
57,Người lái xe mô tô hai bánh xe mô tô ba bánh xe gắn máy không được thực hiện các hành vi nào sau đây?,Đi xe dàn hàng ngang; đi xe vào phần đường dành cho người đi bộ và phương tiện khác.,Sử dụng ô thiết bị âm thanh trừ thiết bị trợ thính.,Cả hai ý trên.,,3,True,1,
58,Người lái xe mô tô hai bánh xe mô tô ba bánh xe gắn máy không được thực hiện hành vi nào sau đây?,Đi trên phần đường làn đường quy định chấp hành hiệu lệnh của người điều khiển giao thông đèn tín hiệu giao thông.,Đi xe dàn hàng ngang đi xe vào phần đường dành cho người đi bộ.,Cả hai ý trên.,,2,True,1,
59,Người được chở trên xe mô tô hai bánh xe mô tô ba bánh xe gắn máy khi tham gia giao thông đường bộ có được sử dụng ô khi trời mưa hay không?,Được sử dụng.,Chỉ người ngồi sau được sử dụng.,Không được sử dụng.,Được sử dụng nếu không có áo mưa.,3,False,1,
60,Người được chở trên xe mô tô có được kéo theo người đang điều khiển xe đạp hay không?,Chỉ được phép nếu cả hai đội mũ bảo hiểm.,Không được phép.,Chỉ được thực hiện trên đường vắng.,,2,False,1,
61,Trường hợp người được chở trên xe mô tô xe gắn máy các loại xe tương tự xe mô tô và các loại xe tương tự xe gắn máy không đội ""mũ bảo hiểm cho người đi mô tô xe máy"" hoặc không cài quai đúng quy cách (trừ trường hợp chở người bệnh đi cấp cứu trẻ em dưới 06 tuổi áp giải người có hành vi vi phạm pháp luật) thì việc xử phạt vi phạm hành chính được quy định như thế nào?,Không bị xử phạt chỉ bị nhắc nhở.,Người được chở không bị xử phạt chỉ xử phạt người điều khiển xe mô tô xe gắn máy.,Người được chở bị xử phạt không xử phạt người điều khiển xe mô tô xe gắn máy.,Xử phạt cả người điều khiển và người được chở trên xe mô tô xe gắn máy.,4,False,1,
62,Trong các trường hợp dưới đây để bảo đảm an toàn khi tham gia giao thông người lái xe mô tô cần thực hiện như thế nào?,Phải đội mũ bảo hiểm theo đúng quy chuẩn kỹ thuật quốc gia và cài quai đúng quy cách không sử dụng ô điện thoại di động thiết bị âm thanh (trừ thiết bị trợ thính).,Phải đội mũ bảo hiểm khi trời mưa gió hoặc trời quá nắng; có thể sử dụng ô điện thoại di động thiết bị âm thanh nhưng phải bảo đảm an toàn.,Phải đội mũ bảo hiểm khi cảm thấy mất an toàn giao thông hoặc khi chuẩn bị di chuyển quãng đường xa.,,1,False,1,
63,Thứ tự xuống phà như thế nào là đúng quy tắc giao thông?,Xe thô sơ người đi bộ xuống trước xe cơ giới xe máy chuyên dùng xuống sau.,Xe cơ giới xe máy chuyên dùng xuống trước xe thô sơ người đi bộ xuống sau.,Xe cơ giới xe thô sơ xuống trước xe máy chuyên dùng người đi bộ xuống sau.,,2,False,1,
64,Khi lái xe trong đô thị và khu đông dân cư trong thời gian từ 22 giờ ngày hôm trước đến 05 giờ ngày hôm sau nếu cần vượt một xe khác người lái xe phải báo hiệu như thế nào là đúng quy tắc giao thông?,Chỉ được báo hiệu bằng còi.,Phải báo hiệu bằng cả còi và đèn.,Chỉ được báo hiệu bằng đèn.,,3,False,1,
65,Khi điều khiển xe chạy trên đường biết có xe sau xin vượt nếu đủ điều kiện an toàn người điều khiển phương tiện phải làm gì?,Tăng tốc độ và ra hiệu cho xe sau vượt không được gây trở ngại cho xe xin vượt.,Giảm tốc độ có tín hiệu rẽ phải để báo hiệu cho người điều khiển phương tiện tham gia giao thông đường bộ phía sau biết được vượt và đi sát về bên phải của phần đường xe chạy cho đến khi xe sau đã vượt qua không được cản trở đối với xe xin vượt.,Cho xe đi sát về bên trái của phần đường xe chạy và ra hiệu cho xe sau vượt không được gây trở ngại cho xe xin vượt.,,2,False,1,
66,Trên đường không phân chia thành hai chiều xe chạy riêng biệt người điều khiển phương tiện tham gia giao thông đường bộ phải tránh xe đi ngược chiều như thế nào để bảo đảm an toàn?,Giảm tốc độ và cho xe đi về bên phải theo chiều xe chạy của mình.,Một trong hai xe phải dừng lại cho xe kia đi qua mới được đi.,Tăng tốc độ cho xe đi về bên phải theo chiều xe chạy của mình để nhanh chóng vượt qua.,,1,False,1,
67,Khi tránh xe đi ngược chiều các xe phải nhường đường như thế nào là đúng quy tắc giao thông?,Nơi đường hẹp chỉ đủ cho một xe chạy và có chỗ tránh xe thì xe nào ở gần chỗ tránh hơn phải vào vị trí tránh nhường đường cho xe đi ngược chiều.,Xe xuống dốc phải nhường đường cho xe lên dốc.,Xe có chướng ngại vật phía trước phải nhường đường cho xe không có chướng ngại vật phía trước.,Cả ba ý trên.,4,False,1,
68,Người lái xe phải làm gì để bảo đảm an toàn khi lái xe trên đường cong có tầm nhìn bị hạn chế?,Quan sát giảm tốc độ hoặc dừng lại để bảo đảm an toàn.,Đi sang làn đường của xe ngược chiều để mở rộng tầm nhìn và vượt xe khác.,Cho xe đi sát bên phải làn đường bật tín hiệu báo hiệu để vượt bên phải xe khác.,,1,False,1,
69,Tại nơi đường giao nhau người lái xe đang đi trên đường không ưu tiên đường nhánh phải nhường đường như thế nào là đúng quy tắc giao thông?,Nhường đường cho xe đi ở bên phải mình tới.,Nhường đường cho xe đi ở bên trái mình tới.,Nhường đường cho xe đi trên đường ưu tiên hoặc đường chính từ bất kỳ hướng nào tới.,,3,False,1,
70,Tại nơi đường giao nhau có báo hiệu đi theo vòng xuyến người lái xe phải nhường đường như thế nào là đúng quy tắc giao thông?,Nhường đường cho xe đi đến từ bên phải.,Nhường đường cho xe đi đến từ bên trái.,Không phải nhường đường.,,2,False,1,
71,Tại nơi đường giao nhau không có báo hiệu đi theo vòng xuyến người điều khiển phương tiện phải nhường đường như thế nào là đúng quy tắc giao thông?,Phải nhường đường cho xe đi đến từ bên phải.,Xe báo hiệu xin đường trước xe đó được đi trước.,Phải nhường đường cho xe đi đến từ bên trái.,,1,False,1,
72,Người lái xe phải nhanh chóng giảm tốc độ đi sát lề đường bên phải hoặc dừng lại để nhường đường cho các loại xe nào dưới đây?,Xe chữa cháy của Cảnh sát phòng cháy chữa cháy và cứu nạn cứu hộ và xe chữa cháy của các lực lượng khác; xe của lực lượng quân sự công an và kiểm sát; đoàn xe có xe Cảnh sát giao thông dẫn đường; xe cứu thương; xe hộ đê không có tín hiệu ưu tiên theo quy định.,Xe ưu tiên gồm xe chữa cháy của Cảnh sát phòng cháy chữa cháy và cứu nạn cứu hộ và xe chữa cháy của các lực lượng khác được huy động đi làm nhiệm vụ chữa cháy; xe của lực lượng quân sự công an và kiểm sát đi làm nhiệm vụ khẩn cấp; đoàn xe có xe Cảnh sát giao thông dẫn đường; xe cứu thương đi làm nhiệm vụ cấp cứu; xe hộ đê đi làm nhiệm vụ; xe đi làm nhiệm vụ cứu nạn cứu hộ khắc phục sự cố thiên tai dịch bệnh hoặc xe đi làm nhiệm vụ trong tình trạng khẩn cấp theo quy định của pháp luật; đoàn xe tang.,Xe ô tô xe máy đoàn xe đang diễu hành có tổ chức có báo tín hiệu xin vượt bằng còi và đèn.,,2,False,1,
73,Khi có tín hiệu của xe ưu tiên người và phương tiện tham gia giao thông đường bộ phải tuân thủ quy định nào dưới đây?,Giảm tốc độ đi sát lề đường bên phải hoặc dừng lại để nhường đường.,Tăng tốc độ và đi sát lề đường bên phải để nhường đường.,Giảm tốc độ đi sát lề đường bên trái để nhường đường.,,1,False,1,
74,Khi đang lái xe phía trước có một xe Cảnh sát giao thông không phát tín hiệu ưu tiên người lái xe có được phép vượt hay không?,Không được vượt.,Được phép vượt ở phần đường dành cho người đi bộ qua đường.,Được vượt khi bảo đảm an toàn.,,3,False,1,
75,Khi đang lái xe phía trước có một xe cứu thương đang phát tín hiệu ưu tiên người lái xe có được phép vượt hay không?,Không được vượt.,Được vượt khi đang đi trên cầu.,Được phép vượt khi đi qua nơi giao nhau có ít phương tiện cùng tham gia giao thông.,Được vượt khi bảo đảm an toàn.,1,False,1,
76,Khi tới đường ngang không có người gác chắn đường bộ chuông đèn tín hiệu người tham gia giao thông đường bộ phải làm gì để bảo đảm an toàn?,Dừng lại về bên phải đường của mình trước vạch dừng xe và quan sát hai phía khi không có phương tiện giao thông đường sắt tới mới được đi qua.,Quan sát hai phía khi không có phương tiện giao thông đường sắt tới thì nhanh chóng đi qua.,Dừng lại khoảng cách tối thiểu 3 mét tính từ ray đường sắt gần nhất khi không có phương tiện giao thông đường sắt tới thì nhanh chóng đi qua.,,1,False,1,
77,Tại đường ngang cầu chung đường sắt khi có hiệu lệnh của nhân viên gác chắn đèn đỏ sáng nhấp nháy chuông kêu chắn đường bộ đang dịch chuyển hoặc đã đóng người tham gia giao thông đường bộ phải làm gì để bảo đảm an toàn?,Dừng lại về bên trái đường của mình trước vạch dừng xe.,Dừng lại giữa đường của mình trước vạch dừng xe.,Dừng lại về bên phải đường của mình trước vạch dừng xe.,,3,False,1,
78,Người tham gia giao thông đường bộ phải dừng lại về bên phải đường của mình trước vạch dừng xe tại đường ngang cầu chung đường sắt khi có báo hiệu nào dưới đây?,Hiệu lệnh của nhân viên gác chắn.,Đèn đỏ sáng nhấp nháy chuông kêu.,Chắn đường bộ đang dịch chuyển hoặc đã đóng.,Cả ba ý trên.,4,False,1,
79,Người điều khiển phương tiện tham gia giao thông trong hầm đường bộ ngoài việc phải tuân thủ các quy tắc giao thông còn phải thực hiện những quy định nào dưới đây?,Xe cơ giới xe máy chuyên dùng phải bật đèn chiếu gần; xe thô sơ phải bật đèn hoặc có vật phát sáng báo hiệu; không dừng xe đỗ xe trong hầm đường bộ; trường hợp gặp sự cố kỹ thuật hoặc bất khả kháng khác buộc phải dừng xe đỗ xe người lái xe người điều khiển xe máy chuyên dùng phải đưa xe vào vị trí dừng xe đỗ xe khẩn cấp nếu không di chuyển được phải có báo hiệu bằng đèn khẩn cấp và đặt biển hoặc đèn cảnh báo về phía sau xe khoảng cách bảo đảm an toàn.,Xe cơ giới xe máy chuyên dùng phải bật đèn chiếu xa; được dừng xe đỗ xe khi cần thiết.,Phải cho xe chạy trên một làn đường và chỉ chuyển làn ở nơi được phép; được quay đầu xe lùi xe khi cần thiết.,,1,False,1,
80,Người điều khiển phương tiện tham gia giao thông đường bộ phải quan sát giảm tốc độ hoặc dừng lại để bảo đảm an toàn trong các trường hợp nào dưới đây?,Có báo hiệu cảnh báo nguy hiểm hoặc có chướng ngại vật trên đường; chuyển hướng xe chạy hoặc tầm nhìn bị hạn chế.,Nơi cầu cống hẹp đập tràn đường ngầm hầm chui hầm đường bộ; có vật nuôi đi trên đường hoặc chăn thả ở ven đường.,Điểm dừng xe đỗ xe trên đường bộ có khách đang lên xuống xe.,Cả ba ý trên.,4,False,1,
81,Người lái xe được phép vượt xe khác về bên phải trong trường hợp nào dưới đây?,Xe phía trước có tín hiệu rẽ trái hoặc đang rẽ trái hoặc khi xe chuyên dùng đang làm việc trên đường mà không thể vượt bên trái.,Xe phía trước đang đi sát lề đường bên trái.,Cả hai ý trên.,,1,False,1,
82,Khi có xe xin vượt người lái xe mô tô xử lý như thế nào nếu đủ điều kiện an toàn cho xe phía sau vượt?,Giảm tốc độ có tín hiệu rẽ phải để báo hiệu cho người điều khiển phương tiện tham gia giao thông đường bộ phía sau biết được vượt và đi sát về bên phải của phần đường xe chạy cho đến khi xe sau đã vượt qua không được cản trở đối với xe xin vượt.,Lái xe vào lề đường bên trái và giảm tốc độ để xe phía sau vượt qua không được gây trở ngại đối với xe xin vượt.,Tăng tốc độ đi sát về bên phải của phần đường xe chạy cho đến khi xe sau đã vượt qua.,,1,False,1,
83,Những trường hợp nào dưới đây không được đi trên đường cao tốc trừ người phương tiện giao thông đường bộ và thiết bị phục vụ việc quản lý bảo trì đường cao tốc?,Xe máy chuyên dùng có tốc độ thiết kế nhỏ hơn tốc độ tối thiểu quy định đối với đường cao tốc xe chở người bốn bánh có gắn động cơ xe chở hàng bốn bánh có gắn động cơ xe mô tô xe gắn máy các loại xe tương tự xe mô tô xe gắn máy xe thô sơ người đi bộ.,Xe máy chuyên dùng có tốc độ thiết kế lớn hơn tốc độ tối thiểu quy định đối với đường cao tốc.,Xe ô tô và xe máy chuyên dùng có tốc độ thiết kế lớn hơn 80 km/h.,,1,False,1,
84,Theo quy định về độ tuổi người đủ bao nhiêu tuổi trở lên thì được cấp giấy phép lái xe mô tô hai bánh có dung tích xi lanh đến 125 cm3 và xe ô tô chở người đến 8 chỗ (không kể chỗ của người lái xe); xe ô tô tải và ô tô chuyên dùng có khối lượng toàn bộ theo thiết kế đến 3.500 kg?,16 tuổi.,17 tuổi,18 tuổi.,,3,False,1,
85,Người đủ 16 tuổi đến dưới 18 tuổi chỉ được điều khiển các loại xe nào dưới đây?,Xe mô tô hai bánh có dung tích xi-lanh đến 125 cm3.,Xe gắn máy.,Xe ô tô chở người đến 08 chỗ (không kể chỗ của người lái xe); xe ô tô tải và ô tô chuyên dùng có khối lượng toàn bộ theo thiết kế đến 3.500 kg; các loại xe ô tô quy định cho giấy phép lái xe hạng B kéo rơ moóc có khối lượng toàn bộ theo thiết kế đến 750 kg.,Cả ba ý trên.,2,False,1,
86,Người có Giấy phép lái xe mô tô hạng A1 không được phép điều khiển loại xe nào dưới đây?,Xe mô tô hai bánh có dung tích xi-lanh 125 cm3 hoặc có công suất động cơ điện đến 11 kW.,Xe mô tô ba bánh.,Cả hai ý trên.,,2,False,1,
87,Người có Giấy phép lái xe mô tô hạng A1 được cấp sau ngày 01/01/2025 được phép điều khiển loại xe nào dưới đây?,Xe mô tô hai bánh có dung tích xi-lanh đến 125 cm3 hoặc có công suất động cơ điện đến 11 kW.,Xe mô tô ba bánh.,Cả hai ý trên.,,1,False,1,
88,Người có Giấy phép lái xe mô tô hạng A được phép điều khiển loại xe nào dưới đây?,Xe mô tô hai bánh có dung tích xi-lanh đến 125 cm3 hoặc có công suất động cơ điện đến 11 kW.,Xe mô tô hai bánh có dung tích xi-lanh trên 125 cm3 hoặc có công suất động cơ điện trên 11 kW.,Cả hai ý trên.,,3,False,1,
89,Người lái xe khi tham gia giao thông đường bộ phải đảm bảo các điều kiện nào dưới đây?,Phải đủ tuổi sức khỏe theo quy định của pháp luật; có giấy phép lái xe đang còn điểm còn hiệu lực phù hợp với loại xe đang điều khiển do cơ quan có thẩm quyền cấp (trừ người lái xe gắn máy).,Phải là người đứng tên trong đăng ký xe.,Cả hai ý trên.,,1,False,1,
90,Khi tham gia giao thông đường bộ người lái xe phải mang theo các giấy tờ gì?,Chứng nhận đăng ký xe hoặc bản sao Chứng nhận đăng ký xe có chứng thực kèm bản gốc giấy tờ xác nhận của tổ chức tín dụng chi nhánh ngân hàng nước ngoài còn hiệu lực trong trường hợp xe đang được thế chấp tại tổ chức tín dụng chi nhánh ngân hàng nước ngoài.,Giấy phép lái xe phù hợp với loại xe đang điều khiển; chứng nhận kiểm định an toàn kỹ thuật và bảo vệ môi trường đối với xe cơ giới theo quy định của pháp luật; chứng nhận bảo hiểm bắt buộc trách nhiệm dân sự của chủ xe cơ giới.,Trường hợp các giấy tờ nêu trên đã được tích hợp vào tài khoản định danh điện tử thì việc xuất trình kiểm tra có thể thực hiện thông qua tài khoản định danh điện tử.,Cả ba ý trên.,4,False,1,
91,Người có giấy phép lái xe chưa bị trừ hết 12 điểm được phục hồi điểm giấy phép lái xe trong trường hợp nào sau đây?,Không được phục hồi.,Được phục hồi đủ 12 điểm nếu không bị trừ điểm trong thời hạn 12 tháng từ ngày bị trừ điểm gần nhất.,,,2,False,1,
92,Người có giấy phép lái xe đã bị trừ hết điểm phải làm gì để phục hồi điểm giấy phép lái xe?,Không vi phạm pháp luật trật tự an toàn giao thông đường bộ trong thời gian 12 tháng kể từ ngày bị trừ hết điểm.,Sau thời hạn ít nhất là 06 tháng kể từ ngày bị trừ hết điểm người có phép lái xe được tham gia kiểm tra nội dung kiến thức pháp luật về trật tự an toàn giao thông đường bộ theo quy định có kết quả đạt yêu cầu thì được phục hồi đủ 12 điểm.,Cả hai ý trên.,,2,False,1,
93,Trách nhiệm của tổ chức cá nhân đứng tên trong giấy chứng nhận đăng ký xe khi chưa thực hiện thu hồi chứng nhận đăng ký xe biển số xe được quy định như thế nào?,Tiếp tục chịu trách nhiệm của chủ xe.,Không chịu trách nhiệm sau khi đã chuyển nhượng trao đổi tặng cho.,,,1,False,1,
94,Trên đường bộ trong khu vực đông dân cư đường đôi hoặc đường một chiều có từ hai làn xe cơ giới trở lên xe mô tô hai bánh ô tô chở người đến 28 chỗ không kể chỗ của người lái xe tham gia giao thông với tốc độ khai thác tối đa cho phép là bao nhiêu?,60 km/h.,50 km/h.,40 km/h.,,1,False,1,
95,Trên đường bộ (trừ đường cao tốc) trong khu vực đông dân cư đường hai chiều hoặc đường một chiều có một làn xe cơ giới xe mô tô hai bánh ô tô chở người đến 28 chỗ không kể chỗ của người lái xe tham gia giao thông với tốc độ khai thác tối đa cho phép là bao nhiêu?,60 km/h.,50 km/h.,40 km/h.,,2,False,1,
96,Trên đường bộ ngoài khu vực đông dân cư đường đôi hoặc đường một chiều có từ hai làn xe cơ giới trở lên (trừ đường cao tốc) loại xe nào dưới đây được tham gia giao thông với tốc độ khai thác tối đa cho phép là 70 km/h?,Xe ô tô chở người đến 28 chỗ không kể chỗ của người lái xe (trừ xe buýt); ô tô tải có trọng tải không lớn hơn 3.5 tấn.,Xe ô tô chở người trên 28 chỗ không kể chỗ người lái xe (trừ xe buýt); ô tô tải có trọng tải trên 3.5 tấn (trừ ô tô xi téc).,Xe buýt; ô tô đầu kéo kéo sơ mi rơ moóc (trừ ô tô đầu kéo kéo sơ mi rơ moóc xi téc); xe mô tô; ô tô chuyên dùng (trừ ô tô trộn vữa ô tô trộn bê tông lưu động).,Ô tô kéo rơ moóc; ô tô kéo xe khác; ô tô trộn vữa ô tô trộn bê tông lưu động ô tô xi téc ô tô đầu kéo kéo sơ mi rơ moóc xi téc ô tô kéo theo rơ moóc xi téc.,3,False,1,
97,Trên đường bộ ngoài khu vực đông dân cư đường hai chiều hoặc đường một chiều có một làn xe cơ giới (trừ đường cao tốc) loại xe nào dưới đây được tham gia giao thông với tốc độ khai thác tối đa cho phép là 60 km/h?,Xe ô tô chở người đến 28 chỗ không kể chỗ của người lái xe (trừ xe buýt); ô tô tải có trọng tải không lớn hơn 3.5 tấn.,Xe ô tô chở người trên 28 chỗ không kể chỗ người lái xe (trừ xe buýt); ô tô tải có trọng tải trên 3.5 tấn (trừ ô tô xi téc).,Xe buýt; ô tô đầu kéo kéo sơ mi rơ moóc (trừ ô tô đầu kéo kéo sơ mi rơ moóc xi téc); xe mô tô; ô tô chuyên dùng (trừ ô tô trộn vữa ô tô trộn bê tông lưu động).,Ô tô kéo rơ moóc; ô tô kéo xe khác; ô tô trộn vữa ô tô trộn bê tông lưu động ô tô xi téc ô tô đầu kéo kéo sơ mi rơ moóc xi téc ô tô kéo theo rơ moóc xi téc.,3,False,1,
98,Người lái xe phải giảm tốc độ thấp hơn tốc độ tối đa cho phép đến mức cần thiết chú ý quan sát và chuẩn bị sẵn sàng những tình huống có thể xảy ra để phòng ngừa tai nạn trong các trường hợp nào dưới đây?,Gặp biển báo nguy hiểm và cảnh báo trên đường.,Gặp biển chỉ dẫn trên đường.,Gặp biển báo hết mọi lệnh cấm.,Gặp biển báo hết hạn chế tốc độ tối đa cho phép.,1,False,1,
99,Khi gặp xe buýt đang dừng đón trả khách người điều khiển xe mô tô phải xử lý như thế nào dưới đây?,Tăng tốc độ để nhanh chóng vượt qua xe buýt.,Quan sát giảm tốc độ đi qua xe buýt hoặc dừng lại để bảo đảm an toàn.,,,2,False,1,
100,Việc sử dụng xe mô tô xe gắn máy xe thô sơ để vận chuyển hành khách hàng hóa phải thực hiện các quy định nào dưới đây để đảm bảo an toàn giao thông?,Kiểm tra điều kiện bảo đảm an toàn của xe trước khi tham gia giao thông đường bộ; mang đủ giấy tờ theo quy định của pháp luật.,Kiểm tra việc sắp xếp hàng hóa bảo đảm an toàn; không chở quá số người chở hành lý hàng hoá vượt quá khối lượng cho phép hoặc vượt quá khổ giới hạn của xe.,Cả hai ý trên.,,3,False,1,
101,Những hành vi nào sau đây thể hiện là người có văn hóa giao thông?,Luôn tuân thủ pháp luật về trật tự an toàn giao thông đường bộ nhường nhịn và giúp đỡ người khác.,Đi nhanh vượt đèn đỏ nếu không có lực lượng Công an.,Bấm còi và nháy đèn liên tục để cảnh báo xe khác.,Tránh nhường đường để đi nhanh hơn.,1,False,2,
102,Khái niệm về văn hóa giao thông được hiểu như thế nào là đúng?,Là sự hiểu biết và chấp hành nghiêm chỉnh pháp luật về giao thông là ý thức trách nhiệm với cộng đồng khi tham gia giao thông.,Là sự tôn trọng nhường nhịn giúp đỡ và ứng xử có văn hóa giữa những người tham gia giao thông với nhau.,Cả hai ý trên.,,3,False,2,
103,Người lái xe không điều khiển xe đi đúng làn đường quy định phóng nhanh vượt ẩu vượt đèn đỏ đi vào đường cấm được coi là hành vi nào trong các hành vi dưới đây?,Là thiếu văn hóa giao thông vi phạm pháp luật về trật tự an toàn giao thông đường bộ.,Là thiếu văn hóa giao thông.,,,1,False,2,
104,Người lái xe có văn hóa giao thông khi tham gia giao thông đường bộ phải đáp ứng các điều kiện nào dưới đây?,Hiểu biết và chấp hành nghiêm chỉnh pháp luật về giao thông đường bộ; có ý thức trách nhiệm với cộng đồng khi tham gia giao thông; tôn trọng nhường nhịn giúp đỡ và ứng xử có văn hóa với những người cùng tham gia giao thông.,Điều khiển xe vượt quá tốc độ đi không đúng làn đường.,,,1,False,2,
105,Người lái xe mô tô có văn hóa giao thông khi tham gia giao thông phải tuân thủ những quy định nào dưới đây?,Điều khiển xe đi bên phải theo chiều đi của mình; đi đúng phần đường làn đường quy định; đội mũ bảo hiểm đúng quy chuẩn kỹ thuật quốc gia cài quai đúng quy cách.,Điều khiển xe đi trên phần đường làn đường có ít phương tiện tham gia giao thông.,Điều khiển xe và đội mũ bảo hiểm ở nơi có biển báo bắt buộc đội mũ bảo hiểm.,,1,False,2,
106,Trong các hành vi dưới đây người lái xe có văn hóa giao thông phải ứng xử như thế nào?,Điều khiển xe đi bên phải theo chiều đi của mình; đi đúng phần đường làn đường quy định; dừng đỗ xe đúng nơi quy định; đã uống rượu bia thì không lái xe.,Điều khiển xe đi trên phần đường làn đường có ít phương tiện giao thông; dừng xe đỗ xe ở nơi thuận tiện hoặc theo yêu cầu của hành khách của người thân.,Dừng và đỗ xe ở nơi thuận tiện cho việc chuyên chở hành khách và giao nhận hàng hóa; sử dụng ít rượu bia thì có thể lái xe.,,1,False,2,
107,Khi tham gia giao thông việc sử dụng còi xe nên dùng như thế nào để thể hiện là người có văn hóa giao thông?,Chỉ bấm còi khi thật sự cần thiết không bấm còi liên tục hoặc kéo dài sử dụng còi với mức âm lượng theo quy định.,Bấm còi liên tục để các xe khác nhường đường.,Bấm còi to khi đi qua khu vực đông dân cư.,Không cần dùng còi tránh gây tiếng ồn là văn minh.,1,False,2,
108,Người điều khiển phương tiện tham giao thông đường bộ gây ra tai nạn giao thông đường bộ người liên quan đến vụ tai nạn giao thông đường bộ có trách nhiệm gì dưới đây?,Dừng ngay phương tiện cảnh báo nguy hiểm giữ nguyên hiện trường trợ giúp người bị nạn và báo tin cho cơ quan Công an cơ sở khám bệnh chữa bệnh.,Ở lại hiện trường vụ tai nạn giao thông đường bộ cho đến khi người của cơ quan Công an đến trừ trường hợp phải đi cấp cứu đưa người bị nạn đi cấp cứu hoặc xét thấy bị đe dọa đến tính mạng sức khỏe nhưng phải đến trình báo ngay cơ quan Công an Ủy ban nhân dân nơi gần nhất.,Cung cấp thông tin xác định danh tính về bản thân người liên quan đến vụ tai nạn giao thông đường bộ và thông tin liên quan của vụ tai nạn giao thông đường bộ cho cơ quan có thẩm quyền.,Cả ba ý trên.,4,False,2,
109,Người có mặt tại nơi xảy ra vụ tai giao thông đường bộ có trách nhiệm gì dưới đây?,Giúp đỡ cứu chữa kịp thời người bị nạn; báo tin ngay cho cơ quan Công an cơ sở khám bệnh chữa bệnh hoặc Ủy ban nhân dân nơi gần nhất; tham gia bảo vệ hiện trường; tham gia bảo vệ tài sản của người bị nạn; cung cấp thông tin liên quan về vụ tai nạn theo yêu cầu của cơ quan có thẩm quyền.,Chụp lại hình ảnh vụ tai nạn (nếu có thiết bị ghi hình) và nhanh chóng rời khỏi hiện trường vụ tai nạn.,,,1,False,2,
110,Trong đoạn đường hai chiều tại khu đông dân cư đang ùn tắc người điều khiển xe mô tô có văn hóa giao thông sẽ lựa chọn cách xử lý tình huống nào dưới đây?,Cho xe lấn sang làn ngược chiều để nhanh chóng thoát khỏi nơi ùn tắc.,Điều khiển xe trên vỉa hè để nhanh chóng thoát khỏi nơi ùn tắc.,Kiên nhẫn tuân thủ hướng dẫn của người điều khiển giao thông hoặc tín hiệu đèn giao thông di chuyển trên đúng phần đường bên phải theo chiều đi nhường đường cho các phương tiện đi ngược chiều.,,3,False,2,
111,Khi điều khiển xe mô tô tay ga xuống đường dốc dài độ dốc cao người lái xe cần thực hiện các thao tác nào dưới đây để bảo đảm an toàn?,Giữ tay ga ở mức độ phù hợp sử dụng phanh trước và phanh sau để giảm tốc độ.,Nhả hết tay ga tắt động cơ sử dụng phanh trước và phanh sau để giảm tốc độ.,Sử dụng phanh trước để giảm tốc độ kết hợp với tắt chìa khóa điện của xe.,,1,False,3,
112,Khi điều khiển xe trên đường vòng người lái xe cần phải làm gì để bảo đảm an toàn?,Quan sát cẩn thận các chướng ngại vật và báo hiệu bằng coi đèn; giảm tốc độ tới mức cần thiết về số thấp và thực hiện quay vòng với tốc độ phù hợp với bán kính cong của đường vòng.,Quan sát cẩn thận các chướng ngại vật và báo hiệu bằng còi đèn; tăng tốc để nhanh chóng qua đường vòng và giảm tốc độ sau khi qua đường vòng.,,,1,False,3,
113,Khi điều khiển xe qua đường sắt người lái xe cần phải thực hiện các thao tác nào dưới đây để bảo đảm an toàn?,Khi có chuông báo hoặc thanh chắn đã hạ xuống người lái xe phải dừng xe tạm thời đúng khoảng cách an toàn kéo phanh tay nếu đường dốc hoặc phải chờ lâu.,Khi không có chuông báo hoặc thanh chắn không hạ xuống người lái xe cần phải quan sát nếu thấy đủ điều kiện an toàn thì về số thấp tăng ga nhẹ và không thay đổi số trong quá trình vượt qua đường sắt để tránh động cơ chết máy cho xe cho vượt qua.,Cả hai ý trên.,,3,False,3,
114,Trong các loại nhiên liệu dưới đây loại nhiên liệu nào giảm thiểu ô nhiễm môi trường?,Xăng và dầu diesel.,Xăng sinh học và khí sinh học.,Ý 1 và ý 2.,,2,False,3,
115,Các biện pháp tiết kiệm nhiên liệu khi chạy xe?,Bảo dưỡng xe theo định kỳ và có kế hoạch lộ trình trước khi xe chạy.,Kiểm tra áp suất lốp theo quy định và chạy xe với tốc độ phù hợp với tình trạng mặt đường và mật độ giao thông trên đường.,Cả hai ý trên.,,3,False,3,
116,Khi tầm nhìn bị hạn chế bởi sương mù hoặc mưa to người lái xe phải thực hiện các thao tác nào để bảo đảm an toàn?,Tăng tốc độ chạy gần xe trước nhìn đèn hậu để định hướng.,Giảm tốc độ chạy cách xa xe trước với khoảng cách an toàn bật đèn sương mù và đèn chiếu gần.,Tăng tốc độ bật đèn pha vượt qua xe chạy trước.,,2,False,3,
117,Khi đèn pha của xe đi ngược chiều gây chói mắt làm giảm khả năng quan sát trên đường người lái xe xử lý như thế nào dưới đây để bảo đảm an toàn?,Giảm tốc độ giữ vững tay lái nhìn chếch sang lề đường bên phải.,Bật đèn pha chiếu xa và giữ nguyên tốc độ.,Tăng tốc độ bật đèn pha đối diện xe phía trước.,,1,False,3,
118,Để đạt được hiệu quả phanh cao nhất người lái xe mô tô phải sử dụng các kỹ năng như thế nào dưới đây?,Sử dụng phanh trước.,Sử dụng phanh sau.,Giảm hết ga sử dụng đồng thời cả phanh sau và phanh trước.,,3,False,3,
119,Khi đang lái xe mô tô hoặc ô tô nếu có nhu cầu sử dụng điện thoại để nhắn tin hoặc gọi điện người lái xe phải thực hiện như thế nào trong các tình huống nêu dưới đây?,Giảm tốc độ để bảo đảm an toàn với xe phía trước và sử dụng điện thoại để liên lạc.,Giảm tốc độ để dừng xe ở nơi cho phép sau đó sử dụng điện thoại để liên lạc.,Tăng tốc độ để cách xa xe phía sau và sử dụng điện thoại để liên lạc.,,2,False,3,
120,Những thói quen nào dưới đây khi điều khiển xe mô tô tay ga tham gia giao thông dễ gây tai nạn nguy hiểm?,Sử dụng còi.,Phanh đồng thời cả phanh trước và phanh sau.,Chỉ sử dụng phanh trước.,,3,False,3,
121,Khi điều khiển xe mô tô quay đầu người lái xe cần thực hiện như thế nào để bảo đảm an toàn?,Bật tín hiệu báo rẽ trước khi quay đầu từ từ giảm tốc độ đến mức có thể dừng lại.,Chỉ quay đầu xe tại những nơi được phép quay đầu.,Quan sát an toàn các phương tiện tới từ phía trước phía sau hai bên đồng thời nhường đường cho xe từ bên phải và phía trước đi tới.,Cả ba ý trên.,4,False,3,
122,Tay ga trên xe mô tô hai bánh có tác dụng gì dưới đây?,Để điều khiển xe chạy về phía trước.,Để điều tiết công suất động cơ qua đó điều khiển tốc độ của xe.,Để điều khiển xe chạy lùi.,Ý 1 và ý 2.,4,False,3,
123,Gương chiếu hậu của xe mô tô hai bánh có tác dụng gì dưới đây?,Để quan sát an toàn phía bên trái khi chuẩn bị rẽ trái.,Để quan sát an toàn phía bên phải khi chuẩn bị rẽ phải.,Để quan sát an toàn phía sau của bên trái và bên phải trước khi chuyển hướng.,Để quan sát an toàn phía trước cả bên trái và bên phải trước khi chuyển hướng.,3,False,3,
124,Để bảo đảm an toàn khi tham gia giao thông người lái xe mô tô hai bánh cần điều khiển tay ga như thế nào?,Tăng ga thật mạnh giảm ga từ từ.,Tăng ga thật mạnh giảm ga thật nhanh.,Tăng ga từ từ giảm ga thật nhanh.,Tăng ga từ từ giảm ga từ từ.,3,False,3,
125,Để tránh đổ ngã khi điều khiển xe mô tô hai bánh ở nơi đường xấu nhỏ và hẹp người lái xe cần xử lý như thế nào?,Đi ở tốc độ thấp quan sát liên tục khoảng cách từ 05 m đến 10 m phía trước để điều chỉnh sớm hướng di chuyển.,Trong quá trình di chuyển không nên dùng phanh trước tránh làm khóa bánh dẫn hướng.,Không được lắc người sang trái hoặc phải nhiều trọng tâm cơ thể cần trùng với trọng tâm của xe.,Cả ba ý trên.,4,False,3,
126,Biển nào cấm máy kéo?,Biển 1.,Biển 2 và biển 3.,Biển 1 và biển 3.,Cả ba biển.,2,False,4,img_126.png
127,Biển nào báo hiệu cấm xe mô tô ba bánh chở hàng đi qua?,Biển 1 và biển 2.,Biển 1 và biển 3.,Biển 2 và biển 3.,,1,False,4,img_127.png
128,Biển nào dưới đây xe gắn máy được phép đi vào?,Biển 1.,Biển 2.,Cả hai biển.,,3,False,4,img_128.png
129,Biển nào báo hiệu cấm xe mô tô đi vào?,Biển 1.,Biển 2.,Biển 3.,,1,True,4,img_129.png
130,Khi gặp biển nào thì xe mô tô hai bánh được đi vào?,Không biển nào.,Biển 1 và biển 2.,Biển 2 và biển 3.,Cả ba biển.,3,False,4,img_130.png
131,Biển nào cấm quay đầu xe?,Biển 1.,Biển 2.,Không biển nào.,Cả hai biển.,2,False,4,img_131.png
132,Biển nào cấm xe rẽ trái?,Biển 1.,Biển 2.,Cả hai biển.,,1,False,4,img_132.png
133,Khi gặp biển nào xe được rẽ trái?,Biển 1.,Biển 2.,Không biển nào.,,2,False,4,img_133.png
134,Biển nào cấm các phương tiện rẽ phải?,Biển 1 và biển 2.,Biển 1 và biển 3.,Biển 2 và biển 3.,Cả ba biển.,1,False,4,img_134.png
135,Biển nào cấm các phương tiện rẽ trái?,Biển 1 và biển 2.,Biển 1 và biển 3.,Biển 2 và biển 3.,Cả ba biển.,1,False,4,img_135.png
136,Biển nào xe được phép rẽ trái?,Biển 1.,Biển 2.,Không biển nào.,,2,False,4,img_136.png
137,Biển nào xe quay đầu không bị cấm?,Biển 1.,Biển 2.,Cả hai biển.,,3,False,4,img_137.png
138,Biển nào xe được phép quay đầu nhưng không được rẽ trái?,Biển 1.,Biển 2.,Cả hai biển.,,1,False,4,img_138.png
139,Biển nào là biển ""Cấm đi ngược chiều""?,Biển 1.,Biển 2.,Cả ba biển.,,2,False,4,img_139.png
140,Biển nào dưới đây các phương tiện không được phép đi vào?,Biển 1.,Biển 2.,Biển 1 và biển 2.,,3,False,4,img_140.png
141,Khi gặp biển nào xe ưu tiên theo luật định vẫn phải dừng lại?,Biển 1.,Biển 2.,Cả ba biển.,,2,True,4,img_141.png
142,Biển nào cấm tất cả các loại xe cơ giới và thô sơ đi lại trên đường trừ xe ưu tiên theo luật định (nếu đường vẫn cho xe chạy được)?,Biển 1.,Biển 2.,Cả hai biển.,,1,True,4,img_142.png
143,Biển báo này có ý nghĩa như thế nào?,Tốc độ tối đa cho phép về ban đêm cho các phương tiện là 70 km/h.,Tốc độ tối thiểu cho phép về ban đêm cho các phương tiện là 70 km/h.,,,1,False,4,img_143.png
144,Biển này có hiệu lực đối với xe mô tô hai bánh ba bánh chở hàng không?,Có.,Không.,,,1,True,4,img_144.png
145,Biển này có ý nghĩa như thế nào?,Cấm xe cơ giới (trừ xe ưu tiên theo luật định) đi thẳng.,Cấm các loại xe cơ giới và xe mô tô (trừ xe ưu tiên theo luật định) đi về bên trái và bên phải.,Hướng trái và phải không cấm xe cơ giới.,,2,False,4,img_145.png
146,Biển phụ đặt dưới biển cấm bóp còi có ý nghĩa như thế nào?,Báo khoảng cách đến nơi cấm bóp còi.,Chiều dài đoạn đường cấm bóp còi từ nơi đặt biển.,Báo cấm dùng còi có độ vang xa 500m.,,2,False,4,img_146.png
147,Chiều dài đoạn đường 500 m từ nơi đặt biển này người lái xe có được phép bấm còi không?,Được phép.,Không được phép.,,,2,False,4,img_147.png
148,Biển nào xe mô tô hai bánh được đi vào?,Biển 1 và biển 2.,Biển 1 và biển 3.,Biển 2 và biển 3.,,2,False,4,img_148.png
149,Biển nào xe mô tô hai bánh không được đi vào?,Biển 1.,Biển 2.,Biển 3.,,2,True,4,img_149.png
150,Ba biển này có hiệu lực như thế nào?,Cấm các loại xe ở biển phụ đi vào.,Cấm các loại xe cơ giới đi vào trừ loại xe ở biển phụ.,,,1,False,4,img_150.png
151,Biển này có ý nghĩa như thế nào?,Cấm dừng xe về hướng bên trái.,Cấm dừng và đỗ xe theo hướng bên phải.,Được phép đỗ xe và dừng xe theo hướng bên phải.,,2,False,4,img_151.png
152,Biển nào là biển ""Tốc độ tối đa cho phép về ban đêm""?,Biển 1.,Biển 2.,Cả hai biển.,,1,False,4,img_152.png
153,Biển nào báo hiệu hạn chế tốc độ của phương tiện không vượt quá trị số ghi trên biển?,Biển 1.,Biển 2.,,,2,False,4,img_153.png
154,Số 50 ghi trên biển báo dưới đây có ý nghĩa như thế nào?,Tốc độ tối đa các xe cơ giới được phép chạy.,Tốc độ tối thiểu các xe cơ giới được phép chạy.,,,1,False,4,img_154.png
155,Biển báo dưới đây có ý nghĩa như thế nào?,Báo hiệu tốc độ tối đa cho phép các xe cơ giới chạy.,Báo hiệu tốc độ tối thiểu cho phép các xe cơ giới chạy.,,,2,False,4,img_155.png
156,Gặp biển nào người lái xe phải nhường đường cho người đi bộ?,Biển 1.,Biển 2.,Biển 3.,,1,True,4,img_156.png
157,Biển nào chỉ đường dành cho người đi bộ các loại xe không được đi vào khi gặp biển này?,Biển 1.,Biển 1 và biển 3.,Biển 3.,Cả ba biển.,3,True,4,img_157.png
158,Biển nào báo hiệu ""Đường dành cho xe thô sơ""?,Biển 1.,Biển 2.,Biển 3.,,1,False,4,img_158.png
159,Biển nào báo hiệu sắp đến chỗ giao nhau nguy hiểm?,Biển 1.,Biển 1 và biển 2.,Biển 2 và biển 3.,Cả ba biển,4,True,4,img_159.png
160,Biển nào báo hiệu ""Giao nhau với đường sắt có rào chắn""?,Biển 1.,Biển 2 và biển 3.,Biển 3.,,1,True,4,img_160.png
161,Biển nào báo hiệu ""Giao nhau có tín hiệu đèn""?,Biển 1.,Biển 2.,Biển 3.,Cả ba biển.,3,False,4,img_161.png
162,Biển nào báo hiệu nguy hiểm giao nhau với đường sắt?,Biển 1 và biển 2.,Biển 1 và biển 3.,Biển 2 và biển 3.,Cả ba biển.,2,False,4,img_162.png
163,Biển nào báo hiệu đường bộ giao nhau với đường sắt không có rào chắn?,Biển 1 và biển 2.,Biển 1 và biển 3.,Biển 2 và biển 3.,Cả ba biển.,3,False,4,img_163.png
164,Biển nào báo hiệu sắp đến chỗ giao nhau giữa đường bộ và đường sắt?,Biển 1.,Biển 2.,Biển 3.,Biển 1 và biển 3.,1,False,4,img_164.png
165,Biển nào báo hiệu ""Cửa chui""?,Biển 1.,Biển 2.,Biển 3.,,2,False,4,img_165.png
166,Hai biển này có ý nghĩa như thế nào?,Để chỉ nơi đường sắt giao vuông góc với đường bộ không có rào chắn.,Để báo trước sắp đến vị trí giao cắt đường bộ với đường sắt cùng mức không vuông góc và không có người gác không có rào chắn.,Nơi đường sắt giao nhau với đường bộ.,,1,False,4,img_166.png
167,Biển nào báo hiệu ""Hết đoạn đường ưu tiên""?,Biển 1.,Biển 2.,Biển 3.,,3,True,4,img_167.png
168,Biển nào báo hiệu chỉ dẫn xe đi trên đường này được quyền ưu tiên qua nơi giao nhau?,Biển 1 và biển 2.,Biển 1 và biển 3.,Biển 2 và biển 3.,Cả ba biển.,2,True,4,img_168.png
169,Biển nào báo hiệu ""Giao nhau với đường không ưu tiên""?,Biển 1.,Biển 2.,Biển 3.,Biển 2 và biển 3.,1,True,4,img_169.png
170,Biển nào báo hiệu ""Giao nhau với đường ưu tiên""?,Biển 1.,Biển 2.,Biển 3.,Cả ba biển.,2,True,4,img_170.png
171,Biển nào báo hiệu ""Đường giao nhau"" của các tuyến đường cùng cấp?,Biển 1.,Biển 2.,Biển 3.,,1,False,4,img_171.png
172,Biển nào báo hiệu ""Đường hai chiều""?,Biển 1.,Biển 2.,Biển 3.,,1,False,4,img_172.png
173,Biển nào báo hiệu phải giảm tốc độ nhường đường cho xe cơ giới đi ngược chiều qua đường hẹp?,Biển 1.,Biển 2.,Biển 3,,2,False,4,img_173.png
174,Biển nào chỉ dẫn ""Được ưu tiên qua đường hẹp""?,Biển 1.,Biển 2.,Biển 3.,Biển 2 và biển 3.,3,False,4,img_174.png
175,Biển nào báo hiệu ""Đường đôi""?,Biển 1.,Biển 2.,Biển 3.,,3,False,4,img_175.png
176,Biển nào báo hiệu ""Kết thúc đường đôi""?,Biển 1.,Biển 2.,Biển 3.,,3,False,4,img_176.png
177,Biển nào báo hiệu ""Giao nhau với đường hai chiều""?,Biển 1.,Biển 2.,Biển 3.,,1,False,4,img_177.png
178,Biển nào báo hiệu ""Giao nhau với đường hai chiều""?,Biển 1.,Biển 2.,Biển 3.,,2,False,4,img_178.png
179,Biển nào báo hiệu ""Chú ý chướng ngại vật""?,Biển 1.,Biển 2 và biển 3.,Cả ba biển.,,2,False,4,img_179.png
180,Biển nào báo hiệu ""Đường hầm""?,Cả ba biển.,Biển 2.,Biển 2 và biển 3.,,2,False,4,img_180.png
181,Biển nào dưới đây là biển ""Cầu hẹp""?,Biển 1.,Biển 2.,Biển 3.,,2,False,4,img_181.png
182,Gặp biển nào người tham gia giao thông phải đi chậm và thận trọng đề phòng khả năng xuất hiện và di chuyển bất ngờ của trẻ em trên mặt đường?,Biển 1.,Biển 2.,,,2,False,4,img_182.png
183,Biển nào chỉ dẫn nơi bắt đầu đoạn đường dành cho người đi bộ?,Biển 1.,Biển 2.,Biển 3.,,2,False,4,img_183.png
184,Biển nào dưới đây báo hiệu gần đến đoạn đường thường có trẻ em đi ngang qua?,Biển 1.,Biển 2.,Biển 3.,Cả ba biển.,2,False,4,img_184.png
185,Biển nào sau đây là biển ""Dốc xuống nguy hiểm""?,Biển 1.,Biển 2.,,,1,False,4,img_185.png
186,Biển báo này có ý nghĩa như thế nào?,Báo hiệu đường có ổ gà lồi lõm.,Báo hiệu đường có gồ giảm tốc phía trước.,,,1,False,4,img_186.png
187,Các biển báo này có ý nghĩa như thế nào?,Để báo trước gần tới đoạn đường có hiện tượng đất đá từ trên ta luy dương sụt lở bất ngờ gây nguy hiểm cho xe cộ và người đi đường.,Để báo trước nơi có kết cấu mặt đường rời rạc khi phương tiện đi qua làm cho các viên đá sỏi văng lên gây nguy hiểm và mất an toàn cho người và phương tiện tham gia giao thông.,Để cảnh báo những đoạn nền đường yếu đoạn đường đang theo dõi lún mà việc vận hành xe ở tốc độ cao có thể gây nguy hiểm.,,1,False,4,img_187.png
188,Biển nào báo hiệu các phương tiện phải tuân thủ tốc độ tối đa cho phép trên từng làn đường?,Biển 1.,Biển 2.,Cả hai biển.,,3,False,4,img_188.png
189,Khi gặp biển nào thì các phương tiện không được đi vào trừ xe ô tô và xe mô tô?,Biển 1.,Biển 2.,,,1,False,4,img_189.png
190,Biển này có ý nghĩa như thế nào?,Chỉ hướng đi phải theo.,Biển báo hiệu cho người lái xe biết số lượng làn đường trên mặt đường và hướng đi trên mỗi làn đường phải theo.,Chỉ hướng đường phải theo.,,2,False,4,img_190.png
191,Biển nào (đặt trước ngã ba ngã tư) cho phép xe được rẽ sang hướng khác?,Biển 1.,Biển 2.,Không biển nào.,,3,False,4,img_191.png
192,Biển nào báo hiệu ""Hướng đi thẳng phải theo""?,Biển 1.,Biển 2.,,,1,True,4,img_192.png
193,Biển nào báo hiệu ""Đường một chiều""?,Biển 1.,Biển 2.,Cả hai biển.,,2,False,4,img_193.png
194,Trong các biển dưới đây biển nào là biển ""Hết tốc độ tối đa cho phép""?,Biển 1.,Biển 2.,Biển 3.,Cả ba biển.,1,False,4,img_194.png
195,Trong các biển dưới đây biển nào là biển ""Hết tốc độ tối thiểu""?,Biển 1.,Biển 2.,Biển 3.,Cả ba biển.,3,False,4,img_195.png
196,Biển nào dưới đây báo hiệu hết cấm vượt?,Biển 1.,Biển 2.,Biển 3.,Biển 2 và biển 3.,4,False,4,img_196.png
197,Trong các biển dưới đây biển nào là biển ""Hết mọi lệnh cấm""?,Biển 1.,Biển 2.,Biển 3.,Cả ba biển.,2,False,4,img_197.png
198,Biển nào cho phép được quay đầu xe đi theo hướng ngược lại khi đặt biển trước ngã ba ngã tư?,Biển 1.,Biển 2.,Biển 3.,Không biển nào.,3,False,4,img_198.png
199,Biển nào không cho phép rẽ phải?,Biển 1.,Biển 2.,Biển 3.,Biển 1 và biển 3.,1,False,4,img_199.png
200,Khi đến chỗ giao nhau gặp biển nào thì người lái xe không được cho xe đi thẳng phải rẽ sang hướng khác?,Biển 1 và biển 2.,Biển 1 và biển 3.,Biển 2 và biển 3.,Cả ba biển.,1,False,4,img_200.png
201,Biển số 1 có ý nghĩa như thế nào?,Biển chỉ dẫn hết cấm đỗ xe theo giờ trong khu vực.,Biển chỉ dẫn hết hiệu lực khu vực đỗ xe trên các tuyến đường đối ngoại.,Biển chỉ dẫn khu vực đỗ xe trên các tuyến đường đối ngoại.,,1,False,4,img_201.png
202,Biển nào chỉ dẫn cho người đi bộ sử dụng cầu vượt qua đường?,Biển 1.,Biển 2.,Cả hai biển.,Không biển nào.,1,False,4,img_202.png
203,Biển nào chỉ dẫn cho người đi bộ sử dụng hầm chui qua đường?,Biển 1.,Biển 2.,Cả hai biển.,Không biển nào.,2,False,4,img_203.png
204,Biển nào báo hiệu ""Nơi đỗ xe dành cho người khuyết tật""?,Biển 1.,Biển 2.,Biển 3.,,2,False,4,img_204.png
205,Gặp biển báo này người tham gia giao thông phải xử lý như thế nào?,Dừng xe tại khu vực có trạm Cảnh sát giao thông.,Tiếp tục lưu thông với tốc độ bình thường.,Phải giảm tốc độ đến mức an toàn và không được vượt khi đi qua khu vực này.,,3,False,4,img_205.png
206,Gặp biển báo dưới đây người lái xe có bắt buộc phải chạy vòng theo đảo an toàn theo hướng mũi tên khi muốn chuyển hướng hay không?,Bắt buộc.,Không bắt buộc.,,,1,False,4,img_206.png
207,Biển nào báo hiệu ""Cầu vượt liên thông""?,Biển 2 và biển 3.,Biển 1 và biển 2.,Biển 1 và biển 3.,Cả ba biển.,3,False,4,img_207.png
208,Biển số 1 có ý nghĩa như thế nào?,Đi thẳng hoặc rẽ trái trên cầu vượt.,Đi thẳng hoặc rẽ phải trên cầu vượt.,Báo hiệu cầu vượt liên thông.,,3,False,4,img_208.png
209,Biển nào báo hiệu ""Tuyến đường cầu vượt cắt qua""?,Biển 1 và biển 2.,Biển 1 và biển 3.,Biển 2 và biển 3.,,1,False,4,img_209.png
210,Biển báo dưới đây có ý nghĩa như thế nào?,Chỉ dẫn khoảng cách đến làn đường cứu nạn (làn thoát xe khẩn cấp).,Báo hiệu đường cụt phía trước.,Báo hiệu nút giao gần nhất phía trước.,Báo hiệu trạm dừng nghỉ phía trước.,1,False,4,img_210.png
211,Tại đoạn đường có biển ""Làn đường dành riêng cho từng loại xe"" dưới đây các phương tiện có được phép chuyển sang làn khác để đi theo hành trình mong muốn khi đến gần nơi đường bộ giao nhau hay không?,Được phép chuyển sang làn khác.,Không được phép chuyển sang làn khác chỉ được đi trong làn quy định theo biển.,,,1,False,4,img_211.png
212,Biển nào chỉ dẫn người lái xe đi được cả hai hướng?,Biển 1.,Biển 2.,,,2,False,4,img_212.png
213,Biển này có ý nghĩa như thế nào?,Chỉ dẫn chướng ngại vật phía trước để cảnh báo phía trước có sự cản trở lưu thông bình thường (nằm bên trong phần xe chạy hay ngay sát phần đường xe chạy) và chỉ dẫn hướng đi qua đó cần đặt biển.,Chỉ dẫn hướng rẽ để nhắc người điều khiển phương tiện chuẩn bị đổi hướng đi khi sắp vào đường cong nguy hiểm có bán kính cong nhỏ.,,,2,False,4,img_213.png
214,Vạch mũi tên chỉ hướng trên mặt đường nào dưới đây cho phép xe chỉ được đi thẳng và rẽ phải?,Vạch 1.,Vạch 2 và vạch 3.,Vạch 3.,Vạch 1 và vạch 2.,3,False,4,img_214.png
215,Vạch kẻ đường nào dưới đây là vạch phân chia hai chiều xe chạy (vạch tim đường) xe không được lấn làn không được đè lên vạch?,Vạch 1.,Vạch 2.,Vạch 3.,Cả ba vạch.,2,False,4,img_215.png
216,Theo hướng mũi tên xe nào chấp hành đúng quy tắc giao thông?,Xe khách xe tải xe mô tô.,Xe tải xe mô tô.,Chỉ xe con.,,3,False,5,img_216.png
217,Theo hướng mũi tên thứ tự các xe đi như thế nào là đúng quy tắc giao thông?,Xe tải xe khách xe con xe mô tô.,Xe tải xe mô tô xe khách xe con.,Xe khách xe tải xe con xe mô tô.,Xe mô tô xe khách xe tải xe con.,2,False,5,img_217.png
218,Theo hướng mũi tên thứ tự các xe đi như thế nào là đúng quy tắc giao thông?,Xe tải xe con xe mô tô.,Xe con xe tải xe mô tô.,Xe mô tô xe con xe tải.,Xe con xe mô tô xe tải.,3,False,5,img_218.png
219,Trường hợp này xe nào được quyền đi trước?,Xe mô tô.,Xe con.,,,2,False,5,img_219.png
220,Xe nào được quyền đi trước trong trường hợp này?,Xe mô tô.,Xe cứu thương đi làm nhiệm vụ cấp cứu.,,,2,False,5,img_220.png
221,Theo tín hiệu đèn xe nào được phép đi?,Xe con và xe khách.,Xe mô tô.,,,1,False,5,img_221.png
222,Theo tín hiệu đèn xe nào đi là đúng quy tắc giao thông?,Xe khách xe mô tô.,Xe con xe tải.,Xe tải xe mô tô.,,2,False,5,img_222.png
223,Các xe đi theo hướng mũi tên những xe nào vi phạm quy tắc giao thông?,Xe khách xe tải xe mô tô.,Xe tải xe con xe mô tô.,Xe khách xe con xe mô tô.,,1,False,5,img_223.png
224,Theo hướng mũi tên thứ tự các xe đi như thế nào là đúng quy tắc giao thông?,Xe khách xe tải xe mô tô xe con.,Xe con xe khách xe tải xe mô tô.,Xe mô tô xe tải xe khách xe con.,Xe mô tô xe tải xe con xe khách.,3,False,5,img_224.png
225,Trong trường hợp này xe nào đỗ vi phạm quy tắc giao thông?,Xe tải.,Xe con và mô tô.,Cả ba xe.,Xe con và xe tải.,1,False,5,img_225.png
226,Theo hướng mũi tên những hướng nào xe gắn máy được phép đi?,Cả ba hướng.,Chỉ hướng 1 và 3.,Chỉ hướng 1.,,1,False,5,img_226.png
227,Xe nào đỗ vi phạm quy tắc giao thông?,Cả hai xe.,Không xe nào vi phạm.,Chỉ xe mô tô vi phạm.,Chỉ xe tải vi phạm.,1,False,5,img_227.png
228,Xe nào đỗ vi phạm quy tắc giao thông?,Chỉ xe mô tô.,Chỉ xe tải.,Cả ba xe.,Chỉ xe mô tô và xe tải.,3,False,5,img_228.png
229,Xe nào được quyền đi trước trong trường hợp này?,Xe con.,Xe mô tô.,,,2,False,5,img_229.png
230,Theo hướng mũi tên thứ tự các xe đi như thế nào là đúng quy tắc giao thông?,Xe con (A) xe mô tô xe con (B) xe đạp.,Xe con (B) xe đạp xe mô tô xe con (A).,Xe con (A) xe con (B) xe mô tô + xe đạp.,Xe mô tô + xe đạp xe con (A) xe con (B).,4,False,5,img_230.png
231,Xe nào được quyền đi trước trong trường hợp này?,Xe mô tô.,Xe con.,,,1,False,5,img_231.png
232,Xe nào vi phạm quy tắc giao thông?,Xe khách.,Xe mô tô.,Xe con.,Xe con và xe mô tô.,3,False,5,img_232.png
233,Các xe đi như thế nào là đúng quy tắc giao thông?,Các xe ở phía tay phải và tay trái của người điều khiển được phép đi thẳng.,Cho phép các xe ở mọi hướng được phép rẽ phải.,Tất cả các xe phải dừng lại trước ngã tư trừ những xe đã ở trong ngã tư được phép tiếp tục đi.,,3,False,5,img_233.png
234,Theo hướng mũi tên xe nào được phép đi?,Xe mô tô xe con.,Xe con xe tải.,Xe mô tô xe tải.,Cả ba xe.,3,False,5,img_234.png
235,Trong hình dưới đây xe nào chấp hành đúng quy tắc giao thông?,Chỉ xe khách xe mô tô.,Tất cả các loại xe trên.,Không xe nào chấp hành đúng quy tắc giao thông.,,2,False,5,img_235.png
236,Theo hướng mũi tên những hướng nào xe mô tô được phép đi?,Cả ba hướng.,Hướng 1 và 2.,Hướng 1 và 3.,Hướng 2 và 3.,3,True,5,img_236.png
237,Trong trường hợp này thứ tự xe đi như thế nào là đúng quy tắc giao thông?,Xe công an đi làm nhiệm vụ khẩn cấp xe quân sự đi làm nhiệm vụ khẩn cấp xe con + xe mô tô.,Xe quân sự đi làm nhiệm vụ khẩn cấp xe công an đi làm nhiệm vụ khẩn cấp xe con + xe mô tô.,Xe mô tô + xe con xe quân sự đi làm nhiệm vụ khẩn cấp xe công an đi làm nhiệm vụ khẩn cấp.,,2,False,5,img_237.png
238,Trong hình dưới những xe nào vi phạm quy tắc giao thông?,Xe con (E) xe mô tô (C).,Xe tải (A) xe mô tô (D).,Xe khách (B) xe mô tô (C).,Xe khách (B) xe mô tô (D).,1,False,5,img_238.png
239,Trong hình dưới những xe nào vi phạm quy tắc giao thông?,Xe con (B) xe mô tô (C).,Xe con (A) xe mô tô (C).,Xe con (E) xe mô tô (D).,Tất cả các loại xe trên.,3,False,5,img_239.png
240,Theo tín hiệu đèn xe nào phải dừng lại là đúng quy tắc giao thông?,Xe khách xe mô tô.,Xe tải xe mô tô.,Xe con xe tải.,,3,False,5,img_240.png
241,Bạn có được phép vượt xe mô tô phía trước không?,Cho phép.,Không được vượt.,,,2,True,5,img_241.png
242,Theo tín hiệu đèn của xe cơ giới xe nào vi phạm quy tắc giao thông?,Xe mô tô.,Xe ô tô con.,Không xe nào vi phạm.,Cả hai xe.,4,False,5,img_242.png
243,Các xe đi theo hướng mũi tên xe nào vi phạm quy tắc giao thông?,Xe con.,Xe tải.,Xe con xe tải,,2,False,5,img_243.png
244,Các xe đi theo hướng mũi tên xe nào vi phạm quy tắc giao thông?,Xe con xe tải xe khách.,Xe tải xe khách xe mô tô.,Xe khách xe mô tô xe con.,Cả bốn xe.,2,False,5,img_244.png
245,Các xe đi theo hướng mũi tên xe nào chấp hành đúng quy tắc giao thông?,Xe tải xe mô tô.,Xe khách xe mô tô.,Xe tải xe con.,Xe mô tô xe con.,2,False,5,img_245.png
246,Các xe đi theo thứ tự nào là đúng quy tắc giao thông đường bộ?,Xe của bạn xe mô tô xe con.,Xe con xe của bạn xe mô tô.,Xe mô tô xe con xe của bạn.,,3,False,5,img_246.png
247,Các xe đi theo thứ tự nào là đúng quy tắc giao thông đường bộ?,Xe của bạn xe mô tô xe con.,Xe con xe của bạn xe mô tô.,Xe mô tô xe con xe của bạn.,,2,False,5,img_247.png
248,Các xe đi theo thứ tự nào là đúng quy tắc giao thông đường bộ?,Xe của bạn xe mô tô xe đạp.,Xe mô tô xe đạp xe của bạn.,Xe đạp xe mô tô xe của bạn.,,3,False,5,img_248.png
249,Xe nào dừng đúng theo quy tắc giao thông?,Xe con.,Xe mô tô.,Cả 2 xe đều đúng.,,1,False,5,img_249.png
250,Trong tình huống dưới đây xe đầu kéo kéo rơ moóc (xe container) đang rẽ phải xe con màu xanh và xe máy phía sau xe container đi như thế nào để bảo đảm an toàn?,Vượt về phía bên phải để đi tiếp.,Giảm tốc độ chờ xe container rẽ xong rồi tiếp tục đi.,Vượt về phía bên trái để đi tiếp.,,2,False,5,img_250.png